{
  "team_name": "Arsenal",
  "overallScore": 84.29982490625025,
  "playerScore": 80.10758632043702,
  "strengthScore": 88.4920634920635,
  "playerWeight": 50,
  "strengthWeight": 50,
  "timestamp": "2025-10-19T19:16:13.617223"
}