{
  "team_name": "Arsenal",
  "overallScore": 59.76523333333334,
  "playerScore": 61.408333333333346,
  "strengthScore": 52.279999999999994,
  "playerWeight": 82,
  "strengthWeight": 18,
  "timestamp": "2025-10-10T14:35:45.150131"
}