{
  "team_name": "Arsenal",
  "overallScore": 58.30500000000001,
  "playerScore": 58.250000000000014,
  "strengthScore": 58.36,
  "playerWeight": 50,
  "strengthWeight": 50,
  "timestamp": "2025-10-15T21:49:36.878934"
}