{
  "team_name": "Aston Villa",
  "overallScore": 73.25078224206348,
  "playerScore": 69.5174375,
  "strengthScore": 76.98412698412697,
  "playerWeight": 50,
  "strengthWeight": 50,
  "timestamp": "2025-10-19T19:39:26.596929"
}