{
  "team_name": "Bournemouth",
  "overallScore": 26.225,
  "playerScore": 52.449999999999996,
  "strengthScore": 0,
  "playerWeight": 50,
  "strengthWeight": 50,
  "timestamp": "2025-10-10T14:23:24.384833"
}