{
  "team_name": "Bournemouth",
  "overallScore": 58.93132530120482,
  "playerScore": 57.86265060240965,
  "strengthScore": 60,
  "playerWeight": 50,
  "strengthWeight": 50,
  "timestamp": "2025-10-17T08:36:51.756118"
}