{
  "team_name": "Brentford",
  "overallScore": 63.90675,
  "playerScore": 57.813500000000005,
  "strengthScore": 70,
  "playerWeight": 50,
  "strengthWeight": 50,
  "timestamp": "2025-10-17T08:36:55.182108"
}